[
  {
    "op": "core/column-removal",
    "description": "Remove column high_price",
    "columnName": "high_price"
  },
  {
    "op": "core/text-transform",
    "description": "Text transform on cells in column created_at using expression value.toDate()",
    "engineConfig": {
      "facets": [],
      "mode": "row-based"
    },
    "columnName": "created_at",
    "expression": "value.toDate()",
    "onError": "keep-original",
    "repeat": false,
    "repeatCount": 10
  },
  {
    "op": "core/text-transform",
    "description": "Text transform on cells in column updated_at using expression value.toDate()",
    "engineConfig": {
      "facets": [],
      "mode": "row-based"
    },
    "columnName": "updated_at",
    "expression": "value.toDate()",
    "onError": "keep-original",
    "repeat": false,
    "repeatCount": 10
  },
  {
    "op": "core/row-removal",
    "description": "Remove rows",
    "engineConfig": {
      "facets": [
        {
          "type": "list",
          "name": "price",
          "expression": "value",
          "columnName": "price",
          "invert": false,
          "selection": [],
          "selectNumber": false,
          "selectDateTime": false,
          "selectBoolean": false,
          "omitBlank": false,
          "selectBlank": true,
          "omitError": false,
          "selectError": false
        }
      ],
      "mode": "row-based"
    }
  }
]
